values,time_taken (in s)
49,0.026113609
91,0.03355957
38,0.024467075
13,0.017208716
20,0.023343848
30,0.02453872
45,0.02739961
25,0.023476725
34,0.029384917
72,0.0348882
