values,time_taken (in s)
92,0.037159912
67,0.033284266
44,0.027926603
23,0.024236916
45,0.024364552
13,0.018380463
48,0.028140664
72,0.03328043
72,0.034626953
57,0.027514724
