values,time_taken
100,0.03277414
200,0.051565383
300,0.08133195
400,0.084730975
500,0.08772237
600,0.14680116
700,0.15628186
800,0.16586952
900,0.16015962
